sequence,group,phase,experiment_id,change,result,evidence,decision
1,primary_registry,EARLY,E14_v1,"시즌 내 투수 성공 누적 복원, `K=120`, S2 Linear/HGB 90:10","3/3 fold 개선, 평균 Brier delta `-0.00033352`, gate PASS",`results/archive/E14_v1/`,"S3 보존, E15와 조합 검증"
2,primary_registry,EARLY,E15_r_recent3_v1,최근 3시즌 R 정규경기 prior + E14,"3/3 fold 개선, 평균 Brier delta `-0.00037671`, gate PASS",`results/archive/E15_r_recent3_v1/`,"S4 보존, 후속 실험과 앙상블 비교"
3,primary_registry,EARLY,E11_v1,"`game_type × pitcher_hand` EB shrinkage, `K=120`, S4 위에 추가","1/3 fold 개선, 평균 Brier delta `+0.00011479`, gate FAIL",`results/archive/E11_v1/`,"후보 폐기, 추가 EB 확장은 보류"
4,primary_registry,EARLY,E10_v1,"2022 이전 정규경기 F 행을 학습에서 제외, S4 기반","2/3 fold 개선했지만 평균 Brier delta `+0.00042995`, 최악 fold `+0.00170826`, gate FAIL",`results/archive/E10_v1/`,"후보 폐기, recency 계열은 추가 근거 없이는 보류"
5,primary_registry,EARLY,E16_v1,S4 + 시즌 이전에 동결한 선발 비율·경기 수·홈팀 ID,"2/3 fold 개선, 평균 Brier delta `+0.000000339`, 최악 fold `+0.00001110`, gate PASS",`results/archive/E16_v1/`,"S5 앙상블 후보로 보존, 단독 챔피언 아님"
6,primary_registry,EARLY,E22R_probs_v1,과거 Trackman 라벨로 학습한 soft 구종군 확률 4개를 S4에 추가,"3/3 fold 개선, 평균 Brier delta `-0.000004121`, 최악 fold `-0.000002138`, gate PASS",`results/archive/E22R_probs_v1/`,"S6 보존, 명시적 주변화 ablation과 최종 앙상블 비교"
7,primary_registry,EARLY,E22R_mixture_v1,구종군별 S4 target 모델 4개를 stage-1 soft 확률로 명시적 주변화,"2/3 fold 개선, 평균 Brier delta `-0.000003409`, 최악 fold `+0.000183416`, gate PASS",`results/archive/E22R_mixture_v1/`,"S7 보존, 2022 악화가 있어 앙상블 전용"
8,primary_registry,EARLY,E20R_v1,시즌 이전 정규 Trackman의 six profile + 표본수/미관측 indicator를 S4에 추가,"1/3 fold 개선, 평균 Brier delta `+0.000001306`, gate FAIL",`results/archive/E20R_v1/`,"후보 폐기, profile 단독 추가 보류"
9,primary_registry,EARLY,FINAL_ENSEMBLE_M3_v1,S4 70% + S5 5% + S6 10% + S7 15% 고정 앙상블,"2/3 fold 개선, 평균 Brier delta `-0.000005657`, 최악 `+0.000021785`, gate PASS",`results/archive/FINAL_ENSEMBLE_M3_v1/`,"S8 최종 앙상블 ZIP 보존, GOAL 종료 후 제출 선택"
10,primary_registry,V2,V2_PREFLIGHT,baseline constraint 아래 LightGBM 4.5.0 설치,"`pip check` 통과, 고정 5개 패키지 유지, S4 동일 SHA 재검증",`results/preflight.json`,pipeline `done` 채택
11,primary_registry,V2,V2_PROBE,2024 split-half grouping ceiling 재측정,"count state `30.7`, pitcher ID `652.7`, pitcher×hand 최대 `821.4`",`results/probe_grouping_ceilings.json`,B1′·B2 우선순위 유지
12,primary_registry,V2,V2_TRACK_A,S4 모델 재학습 없이 Linear/HGB 가중치 3종,S9~S11 전부 ZIP 게이트 PASS; S11 실제 LB `879.8414124135`,`../submission/archive/S9~S11/`,"S11 제출 완료, S9·S10 pending"
13,primary_registry,V2,V2_BASE,"Linear 90% + HGB 10%, base+E14 rolling 재현","2024 HGB `681.9`·blend `547.2`, 두 성분 모두 성능 게이트 PASS","`results/v2_base.{json,csv}`, `results/predictions/v2_base_*.npz`",이후 모든 V2 실험의 기준선
14,primary_registry,V2,V2_C1_C2,LightGBM 4.5.0 기본값 + 12설정 탐색,"실행·저장 전부 성공. 기본 `0.0`, tuned `24.9`(2024)로 성능 게이트 FAIL","`results/v2_lgbm_*.{json,csv}`, `params/lgbm_best.json`",부정 결과 보존; 단독 후보 기대값 낮음
15,primary_registry,V2,V2_B1,tuned LightGBM + pitcher×batter-hand platoon,"2023은 유의 개선, 2024 `15.9`; 성능 게이트 FAIL","`results/v2_lgbm_platoon.{json,csv}`",단독 후보 제외
16,primary_registry,V2,V2_B2,HGB + cross-fitted pitcher TargetEncoder,"2024 `583.0`, CI가 0을 가로질러 성능 게이트 FAIL","`results/v2_hgb_pitcher_te.{json,csv}`",B2B 조합으로 계속
17,primary_registry,V2,V2_B2B,HGB + pitcher TargetEncoder + platoon,"2024 `646.1`, delta `-1.576e-4`, CI `[-2.608e-4,-5.655e-5]`; 성능 게이트 PASS","`results/v2_hgb_pitcher_te_platoon.{json,csv}`",유효 피처 조합으로 보존
18,primary_registry,V2,V2_B3_LINEAR,Linear alpha/eta0 4설정 탐색,"최적 alpha `0.03`, eta0 `0.001`; 2024 `499.3`, 성능 게이트 FAIL","`results/v2_linear_*.{json,csv}`, `params/linear_best.json`",앙상블 다양성 성분으로만 유지
19,primary_registry,V2,V2_B3_HGB,HGB capacity/L2 4설정 탐색,"기본 용량이 최적, 2024 `583.0`; 큰 모델은 악화, 성능 게이트 FAIL","`results/v2_hgb_*.{json,csv}`, `params/hgb_best.json`",용량 확대 부정 결과 보존
20,primary_registry,V2,V2_B4,결측 indicator + 공선 정리 Linear,"2024 `486.8`, 성능 게이트 FAIL","`results/v2_linear_b4.{json,csv}`",후보 제외
21,primary_registry,V2,V2_C3,CatBoost 1.2.8 ordered CTR,"설치·CPU 전량 rolling 성공, 2024 `33.4`; 성능 게이트 FAIL","`results/v2_catboost.{json,csv}`",앙상블 다양성 성분으로만 유지
22,primary_registry,V2,V2_C3B,CatBoost + platoon ablation,"전량 rolling 성공, 2024 `0.0`; 성능 게이트 FAIL","`results/v2_catboost_platoon.{json,csv}`",platoon 추가 악화 결과 보존
23,primary_registry,V2,V2_F1,family-diverse ensemble weight search,HGB `0.75` + Linear `0.15` + CatBoost `0.10`; 2024 `696.5`; 실제 LB `906.8719072396`,`results/v2_ensemble.json`,제출 완료 (`57391`)
24,primary_registry,V2,V2_PACKAGE_FINAL,성분 3개 + ensemble/shift 3개 전체 재학습·ZIP·전수 게이트,"신규 ZIP 6개 모두 PASSED; V_ensemble 실제 `906.8719`, V_base `879.8414`","`../submission/dist/V*.zip`, `../submission/records/v2_package_index.json`, `../submission/SUBMIT_QUEUE.md`","2개 제출 완료, 나머지 보존"
25,primary_registry,V3,V3_LGBM_RUNTIME_FIX,"sklearn 1.8 호환 LightGBM 4.7.0, Windows DLL 선행 import, 새 eval API",실제 프로젝트 래퍼 일반 fit·시간순 early-stopping smoke 및 `pip check` PASS,"`smoke_lgbm.py`, `results/preflight.json`, `run_v2_rolling.py`",과거 실패 경로 제거; V3 최종 ZIP은 LGBM 미사용
26,primary_registry,V3,V3_OUTCOME_BASE,다음 동일 투수 행의 공식 as-of counter 차이로 `reverse_any` 보조 outcome 복원,기존 binary target보다 큰 2024 신호 확인; 누수 없이 history 내부에서만 라벨 구성,"`results/v3_outcome_*.{json,csv}`, `results/predictions/v3_outcome_*.npz`",CatBoost outcome family 채택
27,primary_registry,V3,V3_TRACKMAN_RICH,공식 2019~2024 정규 Trackman을 투수별 전체 물리 프로파일로 동결,component 없는 최고 단일 2024 `924.8100`; 단순 Trackman `924.03`보다 개선,`results/v3_outcome_trackmanrich_overall_e14k50_batter80_middle100.*`,sparse C 성분 채택
28,primary_registry,V3,V3_COMPONENT_DIVERSITY,rich Trackman + 투수 outcome component `K=120`,단일 2024 `908.1682`지만 잔차 다양성이 커 sparse A 성분으로 유효,`results/v3_outcome_trackmanrich_overall_components120_e14k50_batter80_middle100.*`,단독 제출 대신 앙상블 성분
29,primary_registry,V3,V3_HISTORY_GROUPS,월·카운트·손·이닝의 과거 동결 성공률 `K=500`,단일 2024 `908.7744`; Trackman과 다른 잔차의 sparse B 성분,`results/v3_outcome_batter80_middle100_hgroups500.*`,앙상블 성분 채택
30,primary_registry,V3,V3_NEGATIVE_SWEEP,"XGBoost, CPU Ordered, 기간창, 감쇠, raw ID, Trackman group/platoon, component K 등","XGBoost 약 `577`, CPU Ordered 100k/500이 3분 초과, 다수 설정이 최종 sparse blend 미달","`results/v3_*.{json,csv}`, `results/predictions/v3_*.npz`","부정 결과 유지, 10분 추론/효율 기준 제외"
31,primary_registry,V3,V3_SPARSE_M2,"A `0.629362` + B `0.370638`, 고정 affine 보정","2022 `2440.2546`, 2024 `960.5052`, 예상 `1100.6527` → 실제 **`1088.5196116458`**","`results/v3_sparse_ensemble.{json,csv}`, `../submission/dist/V3_sparse_m2_1100.zip`",제출 완료 (`57388`)
32,primary_registry,V3,V3_SPARSE_M3,"A `0.501444` + C `0.270160` + B `0.228396`, 고정 affine 보정","2022 `2445.2773`, 2024 `963.5501`, 예상 `1103.6977` → 실제 **`1090.9100565103`**","`results/v3_sparse_ensemble.{json,csv}`, `../submission/dist/V3_sparse_m3_1103.zip`",**새 LB 챔피언** (`57386`)
33,primary_registry,V3,V3_PACKAGE_FINAL,"M2·M3 전체 재학습, runtime feature parity, 규칙/구조/불변성/245,789행 검증","M2 `5.19초/0.83GiB`, M3 `6.29초/0.85GiB`, invariance `0`; 서버는 둘 다 5초","`../submission/records/v3_package_index.json`, `../submission/dist/V3_sparse_*.verification.json`",두 ZIP 제출 완료
34,primary_registry,V4,V4_DEEP_MODEL_SWEEP,CUDA MLP·DeepFM·TabTransformer·TabM·RealMLP의 binary/outcome 및 seed·loss·capacity 실험,"2024 단독 최고 TabM outcome CE k32 `916.9032`; MLP `485~525`, DeepFM `621~653`, RealMLP binary `689`, TabTransformer 최고 `628`, TabM 기본 outcome `820`","`results/v4_deep*.{json,csv}`, `results/v4_tabm*.{json,csv}`, `results/v4_tabtransformer*.{json,csv}`, `results/v4_realmlp*.{json,csv}`",단독 최종 후보는 아님; 시간순 OOF 다양성 성분으로 비교
35,primary_registry,V4,V4_DEEP_OOF_STACK,과거 시즌에서만 선택한 deep OOF 성분과 neural residual 조합,deep OOF confirm 최고 `1008.4905`; neural residual `992.0939`; routed TabM stack `1006.0354`,"`results/v4_deep_oof_stacker.json`, `results/v4_neural_resnet_oof.json`, `results/v4_routed_tabm_stack_locked.json`","신호 유효성 보존, 최종 ZIP 직접 성분에서는 제외"
36,primary_registry,V4,V4_SUPPORTED_META_STACK,"V3 기반 + CatBoost 6개 arm + TabM arm 1개, 2022 안전 제약 signed stack","2024 `1052.0165`, 고정 예상 `1192.1640`; 2022 Brier 악화 `+0.00017824 <= 0.0005`","`results/v4_supported_meta_stack.json`, `results/predictions/v4_supported_meta_stack_*.npz`","예상 1,190 첫 통과; 배포 복잡도 비교 기준"
37,primary_registry,V4,V4_COMPACT_SUPPORTED_18,centered teacher student + V3 anchor 대비 18개 CatBoost arm 편차,"2022 `2413.7661`, 2024 **`1052.9440`**, 고정 예상 **`1193.0915`**; 2024 V3 대비 Brier `-0.00022331`","`results/v4_compact_supported_ensemble.json`, `results/predictions/v4_compact_supported_ensemble_*.npz`",최종 조합 채택
38,primary_registry,V4,V4_FULL_REFIT,"공식 2019~2024 전체 `1,475,092`행으로 anchor 3 + student 1 + arm 18 재학습","22개 모델 export 완료, sample 성분 parity 최대 `1.11e-16`, 최종 `2.22e-16`","`../submission/work/v4_full_refit/registry.json`, `../submission/records/V4_full_refit_preparation.json`",패키징 입력으로 동결
39,primary_registry,V4,V4_PACKAGE_FINAL,"22모델 runtime, 동결 state, 내부 runtime library, deterministic ZIP 및 전수 게이트",패키지 **PASSED**지만 예상 `1193.0915` → 실제 사용자 보고 약 `1005`; V3 대비 약 `-85.91`,"`../submission/dist/V4_compact_supported_1193.zip`, `../submission/records/v4_package_index.json`",성능 실패 앵커로 보존; 재제출 금지
40,primary_registry,V4,V4_FAILURE_AUDIT,V4 18-arm 계수의 cross-fold 전이와 예상/실제 역전 감사,18개 중 2022↔2024 방향 일치 5개; 2022-fit → 2024 `-66.39점`; 기존 offset 폐기,"`audit_v4_failure.py`, `results/v4_failure_audit.json`",V5 검증 계약의 고정 근거
41,primary_registry,V5,V5_ANCHOR_HONESTY_AUDIT,2024에서 고른 V3 M3 가중치·affine이 과거 fold에 역적용된 문제 감사; 직전 시즌만 쓰는 R identity/grid 앵커 생성,"frozen V3 R 평균 bias: 2022 `-0.5508%p`, 2023 `-1.1259%p`, 2024 `+0.1154%p`; 기존 V5 개발 선택 근거 철회","`audit_v5_anchor_honesty.py`, `results/v5_anchor_honesty_audit.json`, `results/predictions/v5_honest_m3_*.npz`",V5 contract v2의 필수 기준점
42,primary_registry,V5,V5_H1_OOF_RESIDUAL_R_V1,계층 current-season posterior를 이용한 strict-forward 잔차 Ridge/HGB/CatBoost,오염된 anchor 기준에서도 2022 선택 후보 없음,"`run_v5_h1_residual.py`, `params/v5_h1_residual_preregister.json`, `results/v5_h1_residual_selection.json`",기각; 같은-fold 확인 미실행
43,primary_registry,V5,V5_RECENT_DENOMINATOR_C_V1,최근 1/3/5경기 성공·middle 비율의 공통 분모 복원,동일 C 부모·잠금 γ=0.6 R gain `+15.71/+1.42/+4.81`; 2023·2024 CI 하한 음수라 기각,"`params/v5_recent_denominator_preregister.json`, `results/v5_anchor_honesty_audit.json`",작은 신호로만 보존; 완료 근거 아님
44,primary_registry,V5,V5_H2_CONDITIONAL_HISTORY,투수/타자의 count·손·구종 조건부 완료시즌 성공률,선택된 joint·γ=0.5의 동일 C 부모 R gain `+13.69/-5.21/+10.81`; 2023 역전으로 기각,"`params/v5_h2_conditional_history_preregister.json`, `results/v5_h2_conditional_history_*.json`, `results/v5_anchor_honesty_audit.json`",재튜닝 금지; 다음 구조 가설로 이동
45,primary_registry,V5,V5_HONEST_TRANSFER_CATALOG,기존 공통 OOF 방향을 두 one-year-ahead 앵커에서 재스크린,"89개 방향 중 두 앵커·3개년 모두 양수 24개; 신뢰 가능한 TabM 후보 최악 gain 약 `12~14점`, 목표 폭 미달","`analyze_v5_honest_transfer_catalog.py`, `results/v5_honest_transfer_catalog.json`",provenance 확인 후 새 사전등록 후보의 다양성 성분으로만 사용
46,primary_registry,V5,V5_DYNAMIC_STATE,공식 누적 카운터·최근율의 계층/직접 동적 상태 CatBoost,일부 작은 양의 방향은 있었지만 exact C·두 honest anchor 공통 게이트 후보 없음,"`params/v5_dynamic_state_preregister.json`, `results/v5_dynamic_state_selection.json`",기각; 같은 구조 재튜닝 금지
47,primary_registry,V5,V5_R_SPECIALIST,R 전용 all/recent/decay outcome specialist와 C 라우팅,2022·2023 공통 eligible 후보 없음,"`params/v5_r_specialist_preregister.json`, `results/v5_r_specialist_selection.json`",기각
48,primary_registry,V5,V5_MULTINOMIAL_OFFSET,현재 시즌 outcome 빈도의 계층 다항 logit offset,2023은 약 `+20~24`지만 2022는 약 `-16~-23`; 공통 후보 없음,"`params/v5_multinomial_offset_preregister.json`, `results/v5_multinomial_offset_selection.json`",기각; 연도별 방향 역전
49,primary_registry,V5,V5_PRIVILEGED_TRACKMAN,현재 역사 투구 물리량 teacher 상한과 history-only distillation,"teacher는 2022 `+168.47`, 2023 `+344.69`였으나 배포 profile은 `+13.20/-16.19`, soft student는 최고 `+1.37/-7.73`","`results/v5_privileged_trackman_teacher_feasibility.json`, `results/v5_privileged_trackman_distill_c_selection.json`, `results/v5_trackman_soft_student_selection.json`",현재 투구 TrackMan은 진단에만 사용; 배포 방향 기각
50,primary_registry,V5,V5_MATCHUP_FACTORIZATION,투수·타자 저차원 효과 및 상호작용 factorization,개발 fold에서 exact C를 안정적으로 넘지 못함,"`params/v5_matchup_factorization_feasibility_preregister.json`, `results/v5_matchup_factorization_feasibility.json`",기각
51,primary_registry,V5,V5_HGB_MONOTONE_STATE,compact state+context HGB와 monotone LightGBM Brier 직접 모델,단독 점수가 C보다 크게 낮고 혼합도 2023에서 실패,"`results/v5_hgb_state_context_selection.json`, `results/v5_hgb_state_context_blend_selection.json`, `results/v5_monotone_state_brier_selection.json`",기각
52,primary_registry,V5,V5_TABM_CONDITIONAL_TRACKMAN,success-call outcome과 TrackMan 조건부 TabM,"R score 2022 `684.42`, 2023 `751.56`으로 exact C `721.29/781.92` 미달","`params/v5_tabm_conditional_trackman_preregister.json`, `results/v5_tabm_conditional_trackman_selection.json`",기각; 2024 미개봉
53,primary_registry,V5,V5_DROP_MONTH_C,exact C에서 `game_month`만 제거한 시간 전이 ablation,"2022 R 약 `-28.06`, CI 하한 약 `-57.68`","`params/v5_drop_month_c_preregister.json`, `results/v5_drop_month_c_selection.json`",2022 첫 관문 기각
54,primary_registry,V5,V5_TEMPORAL_LEAF_RIDGE,이전 시즌 CatBoost leaf를 고정하고 다음 시즌 ridge 잔차 적응,"source 2021→2022 gain `-14.97`, CI 하한 `-22.36`","`params/v5_temporal_leaf_ridge_preregister.json`, `results/v5_temporal_leaf_ridge_source21.json`",첫 관문 기각
55,primary_registry,V5,V5_SEMANTIC_ROW_C,점수·주자·LI·카운트의 행 단위 야구 의미 피처 10개,"2022 R `734.06`, C 대비 `+12.77`, CI `[-10.40, 36.00]`; 목표 폭·유의성 미달","`params/v5_semantic_row_c_preregister.json`, `results/v5_semantic_row_c_selection.json`",2022 첫 관문 기각
56,primary_registry,V5,V5_TRACKMAN_LUPI_C,과거 매칭 TrackMan으로 구종·물리량을 행 단위 impute해 C에 추가,"2022 R C 대비 `+7.64`, CI `[-18.93, 32.44]`","`params/v5_trackman_lupi_c_preregister.json`, `results/v5_trackman_lupi_c_selection.json`",2022 첫 관문 기각
57,primary_registry,V5,V5_TRACKMAN_ARCHETYPE_C,과거 투수 물리 프로필 PCA/KMeans archetype,2022 R C 대비 `-3.74`,"`params/v5_trackman_archetype_c_preregister.json`, `results/v5_trackman_archetype_c_selection.json`",2022 첫 관문 기각
58,primary_registry,V5,V5_FIXED_R_BASERATE_TREND,완료시즌 R 평균의 고정 추세 보정,"2022부터 큰 악화(`-399` 수준에서 더 하락), 개발 방향 즉시 종료","`params/v5_fixed_r_baserate_trend_preregister.json`, `results/v5_fixed_r_baserate_trend_2022.json`",2023·2024 미개봉
59,primary_registry,V5,V5_COUNT_MOE_OUTCOME,exact C를 12개 카운트별 outcome 전문가로 hard routing,2022 최선 γ=`0.25`도 최소 full `-0.11`; 큰 γ는 급격히 악화,"`params/v5_count_moe_preregister.json`, `results/v5_count_moe_2022_gate.json`",2022 목표폭 관문 기각; 2023·2024 미개봉
60,primary_registry,V5,V5_PITCHTYPE_MOE_OUTCOME,강한 구종별 exact-C outcome 전문가를 배포 가능한 CatBoost 구종 확률로 주변화,"2022 배포 최선 최소 full `+6.91`, R CI 하한 음수. true-group 진단 오라클은 매칭 행에서 `+246.36`, full 최소 `+108.51`이나 현재 구종 사용이라 Goal에서 제외","`params/v5_pitchtype_moe_preregister.json`, `results/v5_pitchtype_moe_2022_gate.json`",숨은 현재 구종 불확실성이 병목; 2023·2024 미개봉
61,primary_registry,V5,V5_PITCH_SELECTOR_PRIOR_POOL,공식 행 단위 pitchmix prior와 CatBoost 구종 확률의 선형/기하 pooling,2020·2021 구종 log-loss 선택에서 pure CatBoost(`alpha=1`)가 잠김; 원 후보와 최대 차이 `3.33e-16`,"`params/v5_pitch_selector_prior_pool_preregister.json`, `results/v5_pitch_selector_prior_pool_selection.json`",구종 축 종료; 제구 target을 보지 않고 동일성 확인
62,primary_registry,V5,V5_PITCH_SELECTOR_CONTEXT_TILT,과거 투수×카운트·손·이닝·아웃·주자상태 구종 성향을 공식 행 단위 pitchmix prior에 계층적으로 이식,2020·2021 사전 선택 360개 중 `alpha=1` pure CatBoost가 선택; 2022 후보는 기존 pitchtype MoE와 최대 차이 `3.33e-16`,"`params/v5_pitch_selector_context_tilt_preregister.json`, `results/v5_pitch_selector_context_tilt_selection.json`, `results/v5_pitch_selector_context_tilt_2022.json`",배포 가능 구종-selector 축 종료; 2023·2024 미개봉
63,primary_registry,V5,V5_PRIVILEGED_PHYSICS_DELTA_STUDENT,과거 현재-투구 TrackMan physics teacher와 동일행 control teacher의 centered delta만 합법 history feature로 distillation,"2022 최약 혼합 `gamma=0.1`도 full `-1.54`, R `-1.75`, R CI 하한 `-4.92`; 모든 고정 가중치 악화","`params/v5_physics_delta_student_preregister.json`, `results/v5_physics_delta_student_2022_gate.json`, `results/predictions/v5_physics_delta_student_dev22_2022.npz`",2022 관문 기각; 2023·2024 미개봉
64,primary_registry,V5,V5_TABICLV2_TRANSFER,합성 데이터 사전학습 TabICLv2를 exact-C 합법 피처에 적용하고 source fold에서만 확률 수축·비음수 2모델 혼합 선택,"직접 API는 쿼리 길이 의존으로 금지, 고정 256행 history-pad wrapper는 불변성 차이 `0`; 2020/2021 최선 full gain `+28.87/-16.76`, R `+5.92/+7.93`로 source 공통 게이트 실패","`params/v5_tabiclv2_transfer_preregister.json`, `results/v5_tabicl_environment_smoke.json`, `results/v5_tabiclv2_source_selection.json`",2022·2023·2024 미개봉; foundation-model 직접 축 종료
65,primary_registry,V5,V5_ROW_ID_SOURCE_AUDIT,공식 `row_id` 숫자 접미사를 엄격한 행 단위 시간·순서 피처로 쓸 수 있는지 감사,"2019–2021에서 접미사는 정확히 `CSV 행 번호+1`이고 공식 설명은 제출 매칭용 식별자뿐이다. 최선 공통 source 이전도 full `+0.14/-25.87`, R `-0.09/+0.05`로 의미·성능 게이트 모두 실패","`audit_v5_row_id_semantics.py`, `params/v5_row_id_source_audit_preregister.json`, `results/v5_row_id_source_audit.json`",2022 미개봉 종료; train 파일순서 누출은 V5 피처로 금지
66,primary_registry,V5,V5_LUPI_HYBRID_DENOISING,외부시간 current-pitch TrackMan teacher가 있는 행만 soft target으로 바꾸고 나머지 공식 hard label 행은 모두 보존하는 full-history Brier student,"2020 teacher→2021 source에서 최선 `alpha=0.5`, exact-C 혼합 `w=0.2`: R `+8.40`, full `+7.55`, R cluster CI 하한 `-1.96`; 목표폭·유의성 게이트 실패","`analyze_v5_lupi_hybrid_source.py`, `params/v5_lupi_hybrid_denoising_preregister.json`, `results/v5_lupi_hybrid_source_selection.json`",2022·2023·2024 미개봉; hard/soft target LUPI 축 종료
67,primary_registry,V5,V5_PITCHER_CONTEXT_DIFFERENTIAL,완료 시즌의 동일 투수 안에서 타자 손·2스트라이크·주자 유무별 성공률 차이를 효과코딩하고 shrinkage한 행 단위 보정,"392개 source 설정 중 최선은 `all`, `K=1000`, 2스트라이크+주자, `gamma=0.05`; full gain 2020 `+0.06`, 2021 `+0.52`, R cluster CI 하한 `-0.63/-0.04`로 목표폭·유의성 게이트 실패","`analyze_v5_pitcher_context_differential.py`, `params/v5_pitcher_context_differential_preregister.json`, `results/v5_pitcher_context_differential_source.json`",2022·2023·2024 미개봉; 투수 내 단순 상황차등 축 종료
68,primary_registry,V5,V5_FINE_PITCHTYPE_LATENT,"TrackMan의 8개 세부 구종별 투수 제구 잔차를 만들고, 현재 구종 대신 공식 투구 전 행으로 예측한 세부 구종 확률로 주변화","true fine-type 진단 오라클 full gain `+199.17/+170.14`로 목표폭 존재; 배포 가능 확률화 최선은 full `-2.25/+0.38`, R CI 하한 `-4.10/-1.06`으로 selector 병목 확인","`analyze_v5_fine_pitchtype_latent.py`, `params/v5_fine_pitchtype_latent_preregister.json`, `results/v5_fine_pitchtype_latent_source.json`",2022·2023·2024 미개봉; 구종명 분류 대신 제구 관련 선택값 직접 회귀만 source에서 후속 진단
69,primary_registry,V5,V5_CONTROL_RELEVANT_PITCH_SELECTION,구종명 대신 leave-one-out 투수×세부구종 제구 난이도를 공식 투구 전 행에서 직접 회귀,"오라클 상관은 2020 `0.184`, 2021 `0.230`이지만 최약 `gamma=0.1`도 full `-4.73/-0.36`, R CI 하한 `-6.95/-2.04`; 제구 관련 선택값이 exact-C 잔차로 전이되지 않음","`analyze_v5_control_relevant_pitch_selection.py`, `params/v5_control_relevant_pitch_selection_preregister.json`, `results/v5_control_relevant_pitch_selection_source.json`",2022·2023·2024 미개봉; 직접 selector 회귀 종료
70,primary_registry,V5,V5_FINE_PITCH_PROBABILITY_FEATURES,8종 세부 구종 확률을 3-fold 보조-label OOF로 만들고 exact-C가 조건부로 선택하도록 10개 확률 피처 추가,"full gain `+23.97/+17.73`이나 핵심 R은 `+2.06/+4.24`, R CI 하한 `-30.72/-18.22`; source 유의성 관문 실패","`analyze_v5_fine_pitch_probability_features.py`, `params/v5_fine_pitch_probability_features_preregister.json`, `results/v5_fine_pitch_probability_features_gate.json`",2022·2023·2024 미개봉; 배포 가능 세부구종 selector 축 종료
71,primary_registry,V5,V5_PHYSICS_ADJUSTED_COMMAND,"과거 실제 제구 결과에서 동일 투구의 외부-fold TrackMan physics 기대확률을 빼고, 시즌 중심화한 투수별 고유 제구 잔차를 다음 시즌 exact-C에 보정","2019↔2020 투수 잔차 상관은 `0.467`이었으나 최선 `all`, `K=50`, `gamma=0.05`의 full gain은 `-0.82/+3.73`, R은 `-0.90/+4.15`; R CI 하한 `-9.55/-0.42`로 source 관문 실패","`analyze_v5_physics_adjusted_command.py`, `params/v5_physics_adjusted_command_preregister.json`, `results/v5_physics_adjusted_command_source.json`",2022·2023·2024 미개봉; 물리 난이도 보정 투수 제구 profile 축 종료
72,primary_registry,V5,V5_SELECTIVE_FINE_PITCH_ABSTENTION,tagged·auto 세부구종 selector가 같은 구종을 높은 확률로 지목한 R 행만 투수×세부구종 제구 보정하고 나머지는 exact-C로 abstain,"confidence `0.85`에서 selector 정확도는 약 `91~95%`지만 적용률은 R의 `0.99%/1.18%`; 최선도 full `-0.11/-0.08`, R `-0.12/-0.09`, CI 하한 `-0.41/-0.29`로 악화","`analyze_v5_selective_fine_pitch_abstention.py`, `params/v5_selective_fine_pitch_abstention_preregister.json`, `results/v5_selective_fine_pitch_abstention_source.json`",2022·2023·2024 미개봉; 고신뢰 selector abstention 축 종료
73,primary_registry,V5,V5_TRACKMAN_ID_STRUCTURE,공식 TrackMan 실명 ID의 길이·십진 prefix/suffix가 완결 시즌 사이에 공유되는 선수 cohort 신호인지 exact-C 위에서 검증,"최선은 투수 ID 길이, `K=200`, `gamma=0.35`; full gain `+5.63/+3.46`, R `+6.21/+3.85`였으나 R CI 하한 `-3.20/-4.20`으로 source 관문 실패","`analyze_v5_trackman_id_structure.py`, `params/v5_trackman_id_structure_preregister.json`, `results/v5_trackman_id_structure_source.json`",2022·2023·2024 미개봉; 외부 실명 조회 없이 허용된 ID 구조 축 종료
74,primary_registry,V5,V5_GAME_TYPE_STATE_DECONVOLUTION_ORACLE,"현재시즌 투수 누적값에 R·F 결과가 섞여 R 평가를 오염시키는지, 동일시즌 선행 label을 쓰는 비배포 오라클로 구조적 상한 진단","공식 E14 누적값과 역사 순서 재구성이 두 해 모두 100% 일치했으나 R 행에 앞선 F 상태가 섞인 사례는 `0/220,874`, `0/221,227`; 모든 보정 방향과 gain이 정확히 `0`","`analyze_v5_game_type_state_deconvolution_oracle.py`, `params/v5_game_type_state_deconvolution_oracle_preregister.json`, `results/v5_game_type_state_deconvolution_oracle_source.json`","오라클 예측 미보관·후보 사용 금지; 2022·2023·2024 미개봉, R/F 상태분리 축 종료"
75,primary_registry,V5,V5_COUNTER_RECONSTRUCTED_PITCH_HIERARCHY,공식 pitchmix 누적 카운터 변화로 거의 전체 역사 투구의 coarse 구종군을 복원해 dense selector와 세부구종 계층 보정을 학습,"R 역사 라벨 복원율 `99.94%+`, TrackMan 일치 `92.5%+`; true-group 오라클 full `+299.81/+206.89`였지만 배포 selector 정확도 `56~57%`, 최선 계층 보정 full `-1.94/-0.13`, R CI 하한 `-3.81/-1.53`","`analyze_v5_counter_reconstructed_pitch_hierarchy.py`, `params/v5_counter_reconstructed_pitch_hierarchy_preregister.json`, `results/v5_counter_reconstructed_pitch_hierarchy_source.json`","2022·2023·2024 미개봉; dense 라벨은 유효하나 현재 구종 선택확률 병목, row-local 현재시즌 mix 후속만 허용"
76,primary_registry,V5,V5_ROW_LOCAL_PITCHMIX_SELECTOR,"행 자체의 pitchmix 누적값에서 현재시즌 구종 믹스를 복원하고, 과거 투수×손×카운트 선택 tilt와 state CatBoost를 구종 label만으로 잠근 뒤 제구 보정","selector log-loss가 `0.00903/0.00935` 개선되고 정확도도 `+0.54/+0.34%p`였으나, 잠근 selector의 제구 보정은 full `-3.29/-0.27`, R CI 하한 `-6.38/-2.28`로 악화","`analyze_v5_row_local_pitchmix_selector.py`, `params/v5_row_local_pitchmix_selector_preregister.json`, `results/v5_row_local_pitchmix_selector_source.json`","2022·2023·2024 미개봉; selector→수작업 제구효과 연결 종료, row-local state의 exact-C 직접 피처만 후속 허용"
77,primary_registry,V5,V5_EXACT_C_MULTISEED,exact-C의 feature·하이퍼파라미터를 고정하고 seed `1/7/2026` 세 모델을 사전 고정 `1/3` 균등 평균,"full gain 2020 `+45.92`(CI 하한 `+28.18`), 2021 `+19.14`(`+5.08`); R gain `+41.20/+9.44`, 2021 R CI 하한 `-3.38`로 source 관문 실패","`analyze_v5_exact_c_multiseed.py`, `params/v5_exact_c_multiseed_preregister.json`, `results/v5_exact_c_multiseed_source.json`",2022·2023·2024 미개봉; variance-reduction 신호는 보존하되 동일 seed/가중 재튜닝 종료
78,primary_registry,V5,V5_HIERARCHICAL_FAILURE_CHAIN,mutual-exclusive `reverse_any` 실패를 reverse→middle→wide 조건부 binary chain으로 학습하고 성공확률을 세 survival 확률의 곱으로 구성,"exact-C 대비 full gain 2020 `-691.03`, 2021 `-120.85`; R `-816.52/-207.39`, CI 하한도 모두 큰 음수","`analyze_v5_hierarchical_failure_chain.py`, `params/v5_hierarchical_failure_chain_preregister.json`, `results/v5_hierarchical_failure_chain_source_gate.json`",2022·2023·2024 미개봉; 기존 overlapping-subtraction 결함을 제거해도 실패하여 H4 종료
79,v5_recent_immutable,V5,V5_DENSE_PITCHTYPE_MOE,Counter-reconstructed coarse pitch selector plus group outcome experts,"Source direction positive, but selector error prevented the locked gate",`results/v5_dense_pitchtype_moe_source_gate_v2.json`,Closed before 2022+
80,v5_recent_immutable,V5,V5_DENSE_PITCH_JOINT,One 12-class coarse-pitch x control-outcome model,Minimum source R gain `+13.66`; below gate,`results/v5_dense_pitch_joint_source_gate.json`,Closed before 2022+
81,v5_recent_immutable,V5,V5_DENSE_MULTITASK,"Shared MultiRMSE trees for success, failure components, and pitch group",2020 conjunction failed at the first source gate,`results/v5_dense_multitask_source_gate.json`,Closed before 2021+
82,v5_recent_immutable,V5,V5_COMPONENT_PATTERN_MOE,Coherent component-pattern gate plus conditional success experts,Source R gain `+99.51/+8.79`; not stable,`results/v5_component_pattern_moe_source_gate.json`,Closed before 2022+
83,v5_recent_immutable,V5,V5_PITCH_ORACLE_DELTA_DISTILL,Distill the legal-feature-predictable part of the privileged pitch oracle delta,Student did not preserve the oracle gain robustly,`results/v5_pitch_oracle_delta_distill_source.json`,Closed before 2022+
84,v5_recent_immutable,V5,V5_THREE_AXIS_SOURCE,"Exact-C plus dense joint, component pattern, and current-state axes; max three nonnegative weights",Source weights `.10/.25/.65`; robust source full gain exceeded `+139`,`results/v5_three_axis_source.json`,Advanced to development
85,v5_recent_immutable,V5,V5_THREE_AXIS_DEV,Fresh locked 2022/2023 development evaluation,"Minimum full gain `+22.75`; R `+26.61/+11.19`, both with a negative CI lower bound",`results/v5_three_axis_dev.json`,Failed; 2024 unopened
86,v5_recent_immutable,V5,V5_FINE_PITCH_JOINT,Tagged 8-type pitch x control joint outcome,Source R `+22.03/+22.33`; full CI failed,`results/v5_fine_pitch_joint_source_gate.json`,Closed before 2022+
87,v5_recent_immutable,V5,V5_PHYSICS_JOINT,Historical TrackMan physics-cluster x control joint outcome,"2021 reversed: full `-14.19`, R `-2.58`",`results/v5_physics_joint_source_gate.json`,Closed before 2022+
88,v5_recent_immutable,V5,V5_HIER_PITCH_JOINT,"Fine type when matched, reconstructed coarse group otherwise",Source R `+25.40/+9.46`; not stable,`results/v5_hier_pitch_joint_source_gate.json`,Closed before 2022+
89,v5_recent_immutable,V5,V5_AUTO_PITCH_JOINT,Auto 8-type pitch x control joint outcome,R `+49.29/+32.73`; 2021 full `-45.50` with CI high below zero,`results/v5_auto_pitch_joint_source_gate.json`,Closed before 2022+
90,v5_recent_immutable,V5,V5_AUTO_PITCH_PROFILE_JOINT,Cross-fitted pitcher/count/hand fine-repertoire profiles,"2020 top-1 `50.359% -> 50.264%`, log-loss `1.3629 -> 1.3821`",`results/v5_auto_pitch_profile_joint_source_gate.json`,Early closed; 2021+ unopened
91,v5_recent_immutable,V5,V5_POSTBREAK_F_SPECIALIST,Post-2023 F-only CatBoost trained under a locked within-2023 chronology,"Source full lower gain `+604.86`, but locked 2024 full gain was `-65.29/-73.58/-95.54` versus the three anchors","`results/v5_postbreak_f_specialist_source.json`, `results/v5_postbreak_f_specialist_confirm2024.json`",Confirmation failed and closed
92,v5_recent_immutable,V5,V5_RECENT_ROUTED_REGIME,Source-selected two-component R route plus regime-aware previous-game F update,"Development `G_dev=+345.79`, but locked 2024 `G_confirm=-51.71`, `G_ci=-75.73`","`results/v5_recent_routed_regime_dev.json`, `results/v5_recent_routed_confirmation.json`",Confirmation failed and closed
93,v5_recent_immutable,V5,V5_TEMPORAL_STATE_OFFSET_GATE,Shallow temporal XGBoost correction around a legal adaptive state logit,"Best locked blend `gamma=0.25`; minimum development full gain `+3.12`, CI gates failed",`results/v5_temporal_state_offset_gate_source.json`,Closed; 2024 candidate unopened
94,v5_recent_immutable,V5,V5_TRACKMAN_WORKLOAD_C,Target-free pitcher-by-inning appearance workload reconstructed from official TrackMan game and pitch sequence,"Feature/source row-order invariance passed; best `gamma=0.25`, minimum development full gain `+0.74`, CI gates failed","`results/v5_trackman_workload_feature_audit.json`, `results/v5_trackman_workload_c_source_gate.json`",Closed; 2024 candidate unopened
95,v5_recent_immutable,V5,V5_RECENT_WORKLOAD_EXACT_C,Source-validated exact recent 1/3/5-game workload decoder added to exact C; R-only locked blend,"Auxiliary decoder improved exact workload accuracy by `+3.3~9.2%p` and MAE by `37~68%`, but locked development selected `gamma=0.5`, `G_dev=-41.48`; same-parent R CI lower bounds were negative","`results/v5_recent_workload_decoder_source.json`, `results/v5_recent_workload_exact_c_dev_gate.json`",Closed; 2024 candidate unopened
96,v5_recent_immutable,V5,V5_BOUNDARY_APPEARANCE_DECONVOLUTION_SOURCE,Frozen prior-season suffix + official previous-five-game rate + E14 season counter deconvolution of within-appearance state,"Window semantics matched exactly and covered `14.63%/16.73%` of 2020/2021 rows, but the privileged true within-appearance-label oracle achieved only minimum full gain `+5.13` (required `+132.12`), with 2020 cluster CI lower `-2.75`","`params/v5_boundary_appearance_deconvolution_source_preregister.json`, `results/v5_boundary_appearance_deconvolution_source.json`",Axis closed at source; legal decoder/control metrics and 2022+ labels unopened
97,v5_recent_immutable,V5,V5_MAIN_ID_COHORT_SOURCE,Coarse numeric neighborhoods of official pitcher/batter IDs as frozen registration-cohort priors for low-history R rows,"Best of 864 fixed recipes was batter bin width `500`, but minimum full/R gains were only `+3.29/+3.66`; 2021 CI lower bounds `-3.10/-3.47`","`params/v5_main_id_cohort_source_preregister.json`, `results/v5_main_id_cohort_source.json`",Closed at source; row_id/external identity unused and 2022+ unopened
98,v5_recent_immutable,V5,V5_GAME_CENTERED_BRIER_SOURCE,"CatBoost Brier regressor trained on labels centered by each historical game mean, with row-local future inference","Locked `gamma=0.1`; 2020 full/R gains were `-21.22/-23.42`, while 2021 was only `+4.73/+5.26` with CIs crossing zero","`params/v5_game_centered_brier_preregister.json`, `results/v5_game_centered_brier_source_gate.json`",Closed at source; 2022+ unopened
99,v5_recent_immutable,V5,V5_GAME_PAIRWISE_RANK_SOURCE,"PairLogitPairwise CatBoost within historical games to cancel game-level intercepts, blended back into exact-C",Locked `gamma=0.05`; 2020 full/R gains were `-5.65/-6.24` with both CI upper bounds below zero; 2021 was only `+1.81/+2.01`,"`params/v5_game_pairwise_rank_preregister.json`, `results/v5_game_pairwise_rank_source_gate.json`",Closed at source; 2022+ unopened
100,v5_recent_immutable,V5,V5_EXACT_C_ROBUST_REGULARIZATION_SOURCE,"Exact-C with 1200 low-rate trees, L2 `100`, and `32` numeric borders; four locked parent blends","Selected `gamma=0.25`; 2020 full/R `+35.83/+35.27`, but 2021 only `+2.49/+8.54` and full CI lower `-5.47`","`params/v5_exact_c_robust_regularization_preregister.json`, `results/v5_exact_c_robust_regularization_source_gate.json`",Closed at source; 2022+ unopened
101,v5_recent_immutable,V5,V5_SUCCESS_FOCUSED_OUTCOME_SOURCE,"Exact-C MultiClass with uniform failure-class weights `0.25/0.50/0.75`, exact prior unweighting, and four locked parent blends","Selected failure weight `0.75`, `gamma=0.5`; full/R gains were `+51.73/+39.43` in 2020 and `+17.28/+6.77` in 2021, with 2021 R CI lower `-4.45`; F gains `+172.78/+127.79` affected only about 10% of rows","`params/v5_success_focused_outcome_preregister.json`, `results/v5_success_focused_outcome_source_gate.json`",Closed at source; 2022+ unopened
102,v5_recent_immutable,V5,V5_EXACT_C_DIRECT_BINARY_SOURCE,"Native categorical binary Logloss on the complete exact-C feature recipe, fitted and routed only on R rows","Selected `gamma=0.1`; 2020 full/R gains `+14.03/+15.48`, but 2021 reversed to `-3.82/-4.25` with both CI lower bounds negative","`params/v5_exact_c_direct_binary_preregister.json`, `results/v5_exact_c_direct_binary_source_gate.json`",Closed at source; 2022+ unopened
103,v5_recent_immutable,V5,V5_HASHED_CROSS_AVERAGED_LOGISTIC_SOURCE,"Signed feature hashing (`2^18/2^20`) over 60 fixed row-local main/cross tokens plus strongly regularized averaged SGD Logistic, fitted/routed only on R","Best locked setting `2^20`, alpha `3e-4`, gamma `0.1` still gave full/R `-16.80/-18.54` in 2020 and `-4.90/-5.45` in 2021; alternate dimension minimum R gain `-20.46`","`params/v5_hashed_cross_preregister.json`, `results/v5_hashed_cross_source_gate.json`",Closed at source; 2022+ unopened
104,v5_recent_immutable,V5,V5_CLEAN_THREE_COMPONENT_UPPER_BOUND,Exhaustive `0.025`-grid convex mixtures of at most three among 37 existing single/fixed row-local recipes; R-only mixture with exact-C unchanged on F,Best three-way mixture was pitchtype-failure `.375` + TabM-Brier `.225` + direct-season-update `.400`; minimum 2022/2023 full gain only `+35.05` versus required `+132.12`,"`params/v5_clean_three_component_upper_bound_preregister.json`, `results/v5_clean_three_component_upper_bound.json`",Existing-prediction recombination closed; 2024 never loaded by the search
105,v5_recent_immutable,V5,V5_BATTER_TRACKMAN_RICH_SOURCE,Completed-season target-free batter TrackMan approach profiles: overall physics/pitch mix plus pitcher-hand and count shrinkage cells,"Exact linkage recovered 277 batters and 188,467 profile rows at the first cutoff with exact row-order invariance, but locked `.25` blend gave full/R `-0.31/-0.35` in 2020 and `+4.47/+4.97` in 2021; both R CI lower bounds negative","`params/v5_batter_trackman_rich_preregister.json`, `results/v5_batter_trackman_rich_source_gate.json`",Closed at source; 2022+ unopened
106,v5_recent_immutable,V5,V5_BATTER_TRACKMAN_PITCH_SELECTOR_SOURCE,Reuse the 42 strict-cutoff batter TrackMan profiles only inside the dense coarse-pitch selector; exclude them from all control experts,Selector log-loss improved only `0.000108/0.001223` in 2020/2021 and top-1 by `0.015/0.033%p`; the preregistered `0.001` per-year target-free proxy failed in 2020,"`params/v5_batter_pitch_selector_preregister.json`, `results/v5_batter_pitch_selector_source_gate.json`",Closed before control-blend selection; 2022+ unopened
107,v5_recent_immutable,V5,V5_HIERARCHICAL_GROUP_SOFT_V1,"Replace hard high-cardinality groups with strictly historical leave-one-out empirical-Bayes rates, then blend the resulting CatBoost model into exact-C","Source selected hard fraction `0`, soft-rate gamma `.5`: full gains `+93.23/+49.10`; fresh development gains versus the three anchors were 2022 `+20.81/+5.66/+29.97` and 2023 `+15.45/+66.89/-30.55`, so `G_dev=-30.55`","`params/v5_group_soft_preregister.json`, `results/v5_group_soft_source_gate.json`, `results/v5_group_soft_development_gate.json`",Development failed; 2024 unopened
108,v5_recent_immutable,V5,V5_TEMPORAL_PROTOTYPE_RETRIEVAL_V1,"Exact FAISS retrieval over completed historical pitcher-season-count-hand prototypes using 25 official, row-local state features","Source selected `k=16`, rate mode, amplitude `.5`, parent gamma `.25`: full gains `+69.31/+39.81`; fresh development gains versus the three anchors were 2022 `-5.52/-20.66/+3.65` and 2023 `+19.02/+70.46/-26.98`, so `G_dev=-26.98`","`params/v5_temporal_prototype_retrieval_preregister.json`, `results/v5_temporal_prototype_source_gate.json`, `results/v5_temporal_prototype_development_gate.json`",Development failed; 2024 unopened
109,v5_recent_immutable,V5,V5_POSTBREAK_F_LOGISTIC_V1,Strongly L2-regularized 10-feature logistic F probability component fitted on official row-local current-season and previous-game state,"Three forward 2023 month blocks all appeared extremely strong (`+14,943.64~+17,189.80` F), but the immutable 2023→2024 transfer predicted F mean `.3467` versus target `.4593`; 2024 F gain `-5,254.74`, full gain `-618.40`, `G_robust=-804.20`","`params/v5_postbreak_f_logistic_preregister.json`, `params/v5_postbreak_f_logistic_confirmation_lock.json`, `results/v5_postbreak_f_logistic_source.json`, `results/v5_postbreak_f_logistic_confirmation.json`",Confirmation failed and closed; no expected-score or package claim
110,v5_recent_immutable,V5,V5_EXPECTANCY_STATE_LOOKUP_V1,Treat the repeated official win-expectancy and leverage values as nested categorical game-state lookup cells rather than only continuous covariates,"Best source recipe was LI given count, child strength `1000`, amplitude `.25`; full gains were only `+1.04/+0.62`, R gains `+1.15/+0.69`, and every nontrivial pitcher-cluster CI crossed zero","`params/v5_expectancy_state_lookup_preregister.json`, `results/v5_expectancy_state_lookup_source.json`",Source gate failed; 2022–2024 unopened
111,v5_recent_immutable,V5,V5_ARTIFACT_INVENTORY_AUDIT_V1,Exhaustively rescore every aligned probability array from 149 paired 2022/2023 artifact stems with the same R-only blend and all three V5 anchors,"1,255 trials; best minimum full gain was only `+1.32` (the already-known adaptive-state axis), so no overlooked existing recipe approached the required `+132.12`","`params/v5_artifact_inventory_audit_preregister.json`, `results/v5_artifact_inventory_audit.json`",Audit only; every candidate still requires provenance review; 2024 unopened by the audit
112,v5_recent_immutable,V5,V5_GLOBAL_PAIRWISE_RANK_V1,"CatBoost global PairLogitPairwise on deterministic 64-row historical groups, with a held-out latest-season Brier affine calibration and exact-C R blend","Selected slope shrink `.5`, gamma `.1`; R gains `+27.37/+2.73` in 2020/2021, with 2021 CI lower `-5.55`","`params/v5_global_pairwise_rank_preregister.json`, `results/v5_global_pairwise_rank_source.json`",Source gate failed; 2022–2024 unopened
113,v5_recent_immutable,V5,V5_TRACKMAN_GAME_REPEATABILITY_V1,"Completed-season official TrackMan within-game, within-coarse-pitch repeatability profiles added to exact-C","GPU-comparable locked `gamma=1.0`; 2020 full/R `+1.50/+1.66` with CI lower `-0.10/-0.23`, while 2021 reversed to `-22.64/-25.20`","`params/v5_trackman_game_repeatability_preregister.json`, `results/v5_trackman_game_repeatability_source_gate.json`",Source gate failed; invalid CPU comparison archived and excluded; 2022–2024 unopened
114,v5_recent_immutable,V5,V5_TRACKMAN_INNING_PHYSICS_V1,"Completed-season pitcher-by-public-inning-band TrackMan mean, dispersion, and pitch-mix deviations relative to each pitcher's repertoire","Locked `gamma=.75`; 2020 full/R `+0.67/+0.74`, 2021 `+8.50/+9.45`, but every pitcher-cluster CI lower bound was negative","`params/v5_trackman_inning_physics_preregister.json`, `results/v5_trackman_inning_physics_source_gate.json`",Source gate failed; current-pitch TrackMan and test aggregation unused; 2022–2024 unopened
115,v5_recent_immutable,V5,V5_TWO_SEASON_RESIDUAL_CONSENSUS_V1,"Exact-C outer-fold residual hierarchy (pitcher → batter hand → pressure/hand), retaining only the smaller same-sign effect from the two latest completed seasons","Locked `gamma=.25`; exact-C R gains `+3.74/+9.94` in 2022/2023, but 2022 CI lower `-6.68` and honest-anchor `G_dev=-37.10`","`params/v5_two_season_residual_consensus_preregister.json`, `results/v5_two_season_residual_consensus_dev.json`",Development failed; 2024 unopened; public V18-style residual axis closed under the V5 contract
