strategy,protocol,family,calibration,folds,mean_brier,weighted_brier,mean_raw_skill,worst_raw_skill,positive_skill_folds,mean_score,mean_auc,brier_2022,score_2022,brier_2023,score_2023,brier_2024,score_2024
refit__ensemble__raw_equal,refit,ensemble,none,3,0.24781547648863222,0.24781198252094186,0.00738960364669831,-0.003815796907355784,2,866.1535949150237,0.5490814122935466,0.24409666722835985,2033.5797670153365,0.25095394739097204,0.0,0.24839581484656487,564.8810177297347
refit__ensemble__raw_fixed_l80,refit,ensemble,none,3,0.24784630451392334,0.24784736151189318,0.0072623136195088716,0.00017572518448871755,3,726.2313619508872,0.5477641533328,0.24492514852699965,1701.0748296095946,0.24995606687531097,17.572518448871755,0.24865769813945943,460.0467377941952
refit__ensemble__raw_fixed_l90,refit,ensemble,none,3,0.24793696494090137,0.247939114523068,0.006897905653151996,0.0010535396927001672,3,689.7905653151996,0.5467343802723433,0.24529082335219354,1554.3139008335704,0.24973661324986354,105.35396927001672,0.24878345822064707,409.7038258420116
refit__linear__raw,refit,linear,none,3,0.24806781757715315,0.24807084754133824,0.006372508708148465,0.0017050077730443869,3,637.2508708148465,0.5452235279030002,0.2457012553735444,1389.5899972371506,0.24957374623096892,170.50077730443869,0.24892845112694617,351.66183790295014
refit__linear__logit_intercept,refit,linear,logit_intercept,3,0.24814146840136017,0.24814253417524462,0.006077380082862886,0.0008968973986502871,3,607.7380082862886,0.5452235279030002,0.24584807480664564,1330.6650866888647,0.24977577382308952,89.68973986502871,0.2488005565743453,402.8591983049723
frozen__linear__isotonic,frozen,linear,isotonic,3,0.24816641636158168,0.24816778280579996,0.005979507629263432,-0.0005836368462688313,2,617.4053244686377,0.5437598379834979,0.2453792824101987,1518.811501934192,0.2501459073816116,0.0,0.24897405929293476,333.404471471721
frozen__linear__affine_brier,frozen,linear,affine_brier,3,0.2481849669834794,0.24818739547193147,0.005904433517501954,0.00021707215715627282,3,590.4433517501953,0.543878790746144,0.24555575608096508,1447.985078998315,0.24994573013221968,21.70721571562728,0.2490534147372534,301.63776053664384
frozen__linear__platt,frozen,linear,platt,3,0.24819469263749863,0.24819704508429113,0.005865481046393765,0.0001523228408432109,3,586.5481046393764,0.543878790746144,0.2455663414389865,1443.7367226236897,0.24996191746117954,15.23228408432109,0.24905581901232984,300.6753072101187
frozen__linear__logit_intercept,frozen,linear,logit_intercept,3,0.2481953779350489,0.24819833146374068,0.005861051643093584,0.0015388946610411791,3,586.1051643093584,0.543878790746144,0.24595205806212175,1288.9321641592956,0.24961527450866594,153.8894661041179,0.2490188012343591,315.49386266466195
refit__linear__platt,refit,linear,platt,3,0.24821068354229148,0.2482109449049617,0.005801639565642873,-0.0007000995364705442,2,603.500607779972,0.5452235279030002,0.24558028316767164,1438.1413113194296,0.250175023053949,0.0,0.24887674440525376,372.36051202048645
refit__linear__affine_brier,refit,linear,affine_brier,3,0.24821445704188586,0.24821470947822113,0.005786430373817801,-0.0006503228346426138,2,600.3204652032006,0.5452235279030002,0.24560661060700287,1427.574985222202,0.25016257887858306,0.0,0.24887418164007172,373.3864103873996
refit__linear__isotonic,refit,linear,isotonic,3,0.2483023926309231,0.2483008443581281,0.005434235909056451,-0.001574425737590035,2,595.9044488253129,0.5451485474558274,0.24572803270986127,1378.8431082602303,0.2503936046026298,0.0,0.24878554058027816,408.87023821570835
frozen__linear__raw,frozen,linear,none,3,0.24844343956918205,0.24844750090520823,0.004865636947288994,0.002139091820518302,3,486.56369472889946,0.543878790746144,0.2466014827166542,1028.2903072343697,0.2494562691878382,217.4915949004985,0.2492725668030537,213.9091820518302
frozen__ensemble__raw_fixed_l90,frozen,ensemble,none,3,0.24847159270425212,0.24847693403163046,0.004754086966436717,0.0012372305919956528,3,475.4086966436718,0.5438446040356643,0.24631220533034798,1144.3896801285657,0.24960471479749627,158.11335060288422,0.24949785798491206,123.72305919956528
refit__hgb__logit_intercept,refit,hgb,logit_intercept,3,0.2485513254031857,0.2485365278538437,0.0044481673769285095,-0.014511383316964777,2,928.5295149250102,0.5479417528605989,0.2436674245818499,2205.853178067574,0.25362784397381327,0.0,0.2483587076538939,579.7353667074567
frozen__ensemble__raw_fixed_l80,frozen,ensemble,none,3,0.24855949900509988,0.2485662827623567,0.004403211033746339,2.810364300620538e-05,3,440.3211033746338,0.5433443998910789,0.24607525202106664,1239.4891656571149,0.24980333872213503,78.66378016616605,0.24979990627209792,2.810364300620538
refit__hgb__raw,refit,hgb,none,3,0.2485679406319565,0.24855261767793274,0.004381974119078554,-0.01499526228445891,2,938.0394880564858,0.5479417528605989,0.24361100898709945,2228.4951662838503,0.25374881371480185,0.0,0.24834399919396818,585.6232978856068
refit__ensemble__post_logit_intercept,refit,ensemble,post_logit_intercept,3,0.2487243963059035,0.24871278881542178,0.003754111289518932,-0.013643694939205364,2,830.2009602587386,0.5456019816136352,0.24396171046240492,2087.7436824712436,0.2534109218809603,0.0,0.2488005565743453,402.8591983049723
refit__ensemble__post_platt,refit,ensemble,post_platt,3,0.2487496070748213,0.2487380980529191,0.003653843258113687,-0.01422556396802288,2,839.5697914121314,0.5456019816136352,0.24381568768210968,2146.3488622159075,0.2535563891371005,0.0,0.24887674440525376,372.36051202048645
refit__ensemble__post_affine_brier,refit,ensemble,post_affine_brier,3,0.24876450416067478,0.24875287810667562,0.0035940713444404158,-0.01424816151034669,2,834.3458514555979,0.5456019816136352,0.2438572923193125,2129.651143979394,0.25356203852264014,0.0,0.24887418164007172,373.3864103873996
refit__ensemble__raw_weighted,refit,ensemble,none,3,0.24876697090763492,0.24875587742749433,0.0035841739895490963,-0.014083526226175813,2,827.8682731607701,0.5456019816136352,0.24385158189406014,2131.94298157936,0.2535208797018985,0.0,0.24892845112694617,351.66183790295014
refit__ensemble__members_logit_intercept,refit,ensemble,members_logit_intercept,3,0.2488029750418189,0.2487907423113538,0.0034390757589789858,-0.013942645688376443,2,808.6624321771133,0.5454903182499289,0.24412270898340505,2023.1280982263677,0.25348565956770636,0.0,0.2488005565743453,402.8591983049723
refit__ensemble__members_platt,refit,ensemble,members_platt,3,0.2488601974655917,0.24884862800524235,0.0032090612287312506,-0.013389455127986505,2,767.2212938060085,0.5449119071340122,0.2443564860629008,1929.3033693975392,0.25334736192862056,0.0,0.24887674440525376,372.36051202048645
refit__ensemble__members_affine_brier,refit,ensemble,members_affine_brier,3,0.24886896939680195,0.24885729781409935,0.0031739041520151647,-0.01344062883663577,2,765.4113764227089,0.5449040087395008,0.2443725711946449,1922.847718880727,0.2533601553556893,0.0,0.24887418164007172,373.3864103873996
refit__hgb__affine_brier,refit,hgb,affine_brier,3,0.24892402243862422,0.24891604042649434,0.002956237407042465,-0.014574512368549675,2,781.4408196559024,0.5479417528605989,0.24366913038685858,2205.1685656465424,0.25364362623659403,0.0,0.24945931069241994,139.15389332116445
refit__hgb__platt,refit,hgb,platt,3,0.24893654826005462,0.24892888697168758,0.002906087971087934,-0.01454310173713469,2,775.3788550132831,0.5479417528605989,0.24366893697868305,2205.2461886096776,0.25363577357879774,0.0,0.24950493422268305,120.89037643017164
frozen__ensemble__members_platt,frozen,ensemble,members_platt,3,0.2489525691182584,0.2489433384251075,0.002836554111628272,-0.011247084015974407,2,658.5582116953075,0.5429085214326445,0.24499011918790967,1674.9993278758036,0.2528117691545357,0.0,0.24905581901232984,300.6753072101187
frozen__ensemble__members_affine_brier,frozen,ensemble,members_affine_brier,3,0.24895285351906102,0.2489435706237905,0.0028354579603387573,-0.011294945671238343,2,660.0439850751538,0.5429039602777629,0.24498141125166545,1678.4941946888177,0.2528237345682642,0.0,0.2490534147372534,301.63776053664384
refit__ensemble__members_isotonic,refit,ensemble,members_isotonic,3,0.2489934070907781,0.24897749107934009,0.0026764655270836712,-0.015947350531760218,2,799.2249037670412,0.5460734097352706,0.24435775148944883,1928.7954996655033,0.2539868357748859,0.0,0.24863563400799957,468.87921163562
refit__hgb__isotonic,refit,hgb,isotonic,3,0.249012267439386,0.248995222120163,0.002603196222988472,-0.017996731996834603,2,860.2106888600006,0.5473894378364234,0.24386361024695338,2127.115489718745,0.2544991811374064,0.0,0.2486740109337983,453.516576861257
frozen__ensemble__post_affine_brier,frozen,ensemble,post_affine_brier,3,0.24909650010549123,0.2490859612197477,0.002259748277718502,-0.012014770364177307,2,626.4671732444272,0.5423765800244581,0.2452323948390378,1577.7637591966377,0.2530036907401824,0.0,0.2490534147372534,301.63776053664384
frozen__ensemble__post_platt,frozen,ensemble,post_platt,3,0.24909843040236743,0.24908791138707437,0.002251990571376964,-0.011997893888862077,2,625.1288534330989,0.5423765800244581,0.24524000057338793,1574.7112530891782,0.2529994716213845,0.0,0.24905581901232984,300.6753072101187
frozen__ensemble__post_logit_intercept,frozen,ensemble,post_logit_intercept,3,0.2491607971316104,0.24914995428397677,0.0020010147838650516,-0.011511781216369421,2,583.8275189321525,0.5423765800244581,0.24558564670632163,1435.9886941317957,0.2528779434541504,0.0,0.2490188012343591,315.49386266466195
frozen__ensemble__members_logit_intercept,frozen,ensemble,members_logit_intercept,3,0.24916695955525844,0.2491559120305005,0.001976575670047239,-0.011773928735730799,2,590.1218581957505,0.5426678507796837,0.24553859709790493,1454.8717119225896,0.2529434803335113,0.0,0.2490188012343591,315.49386266466195
frozen__ensemble__members_isotonic,frozen,ensemble,members_isotonic,3,0.24916901549804749,0.2491557380487601,0.0019716418845087493,-0.014825966677944669,2,691.3630777156973,0.5428676085005331,0.24481003439067758,1747.2750501277058,0.25370648981348287,0.0,0.24899052228998195,326.814183019386
frozen__ensemble__raw_equal,frozen,ensemble,none,3,0.24918173690230952,0.24919382258036013,0.0019146275246459954,-0.005442871526765591,1,466.2627660164083,0.540980672725116,0.24567833655537127,1398.788298049225,0.250700280385936,0.0,0.25116659376562134,0.0
refit__ensemble__post_isotonic,refit,ensemble,post_isotonic,3,0.249238926977198,0.2492216661496991,0.0016936859889682039,-0.017806439270038332,2,762.9165745647648,0.5454348970010132,0.24447963239526047,1879.879485478586,0.25445160795605537,0.0,0.24878554058027816,408.87023821570835
frozen__ensemble__raw_weighted,frozen,ensemble,none,3,0.24930722156087595,0.2492973223060287,0.0014147505361112866,-0.011981213887126252,2,540.8488498486704,0.5423765800244581,0.24565379625859307,1408.637367494181,0.25299530162098105,0.0,0.2492725668030537,213.9091820518302
frozen__ensemble__post_isotonic,frozen,ensemble,post_isotonic,3,0.24942467218330555,0.24940870951472557,0.0009475027333083844,-0.016592886518910888,2,647.8464906278681,0.5422814685501005,0.2451517374864889,1610.135000411883,0.25414821977049296,0.0,0.24897405929293476,333.404471471721
frozen__hgb__platt,frozen,hgb,platt,3,0.24971696957704925,0.24971026540765365,-0.00022698003884369378,-0.012300089051224372,1,409.20631120765864,0.5351719425883773,0.2461048283194745,1227.6189336229759,0.2530750204114224,0.0,0.24997106000025085,0.0
frozen__hgb__affine_brier,frozen,hgb,affine_brier,3,0.24971802878863533,0.2497112691902579,-0.00023121091871166252,-0.012329684019373177,1,409.26908588830116,0.5351719425883773,0.24610435908449702,1227.8072576649035,0.25308241915340546,0.0,0.24996730812800352,0.0
frozen__hgb__isotonic,frozen,hgb,isotonic,3,0.24998884609257963,0.24997496099656294,-0.0013142039722516818,-0.01685219566840579,2,430.3194583883581,0.5356264904045672,0.24611936930976028,1221.7830130382579,0.25421304705739245,0.0,0.2496341219105861,69.17536212681652
frozen__hgb__logit_intercept,frozen,hgb,logit_intercept,3,0.2510701914332698,0.2510889930947302,-0.005644046885898812,-0.016947518826205377,1,409.6323006227235,0.5351719425883773,0.24610164408768637,1228.8969018681705,0.25306839586120794,0.0,0.25404053435091517,0.0
frozen__hgb__raw,frozen,hgb,none,3,0.2514138633798799,0.251438034363114,-0.007019530693950893,-0.02070647788572577,1,414.7630349079871,0.5351719425883773,0.24606329231970847,1244.2891047239614,0.25319874945855275,0.0,0.25497954836137854,0.0
